<?xml version="1.0" encoding="UTF-8"?>
<project-private xmlns="http://www.netbeans.org/ns/project-private/1">
    <editor-bookmarks xmlns="http://www.netbeans.org/ns/editor-bookmarks/2" lastBookmarkId="0"/>
    <open-files xmlns="http://www.netbeans.org/ns/projectui-open-files/2">
        <group>
            <file>file:/C:/Users/2275103/Desktop/poo1-master%20(4)/poo1-master/Exemplos/Lanchonete/src/modelo/Produto.java</file>
            <file>file:/C:/Users/2275103/Desktop/poo1-master%20(4)/poo1-master/Exemplos/Lanchonete/test/persistencia/PersistenciaProdutoTest.java</file>
            <file>file:/C:/Users/2275103/Desktop/poo1-master%20(4)/poo1-master/Exemplos/Lanchonete/src/persistencia/PersistenciaProduto.java</file>
            <file>file:/C:/Users/2275103/Desktop/poo1-master%20(4)/poo1-master/Exemplos/Lanchonete/src/persistencia/PersistenciaPedido.java</file>
            <file>file:/C:/Users/2275103/Desktop/poo1-master%20(4)/poo1-master/Exemplos/Lanchonete/src/modelo/ItemPedido.java</file>
            <file>file:/C:/Users/2275103/Desktop/poo1-master%20(4)/poo1-master/Exemplos/Lanchonete/src/modelo/Pedido.java</file>
            <file>file:/C:/Users/2275103/Desktop/poo1-master%20(4)/poo1-master/Exemplos/Lanchonete/src/modelo/Hamburguer.java</file>
            <file>file:/C:/Users/2275103/Desktop/poo1-master%20(4)/poo1-master/Exemplos/Lanchonete/test/persistencia/PersistenciaItemPedidoTest.java</file>
            <file>file:/C:/Users/2275103/Desktop/poo1-master%20(4)/poo1-master/Exemplos/Lanchonete/src/persistencia/PersistenciaItemPedido.java</file>
        </group>
    </open-files>
</project-private>
